,file_name,compile_time,run_time,status
0,h-1-01.sy,71.90394401550293,131507.43627548218,AC
